index,mid,display_name
0,airplane,airplane
1,breathing,breathing
2,brushing_teeth,brushing_teeth
3,can_opening,can_opening
4,car_horn,car_horn
5,cat,cat
6,chainsaw,chainsaw
7,chirping_birds,chirping_birds
8,church_bells,church_bells
9,clapping,clapping
10,clock_alarm,clock_alarm
11,clock_tick,clock_tick
12,coughing,coughing
13,cow,cow
14,crackling_fire,crackling_fire
15,crickets,crickets
16,crow,crow
17,crying_baby,crying_baby
18,dog,dog
19,door_wood_creaks,door_wood_creaks
20,door_wood_knock,door_wood_knock
21,drinking_sipping,drinking_sipping
22,engine,engine
23,fireworks,fireworks
24,footsteps,footsteps
25,frog,frog
26,glass_breaking,glass_breaking
27,hand_saw,hand_saw
28,helicopter,helicopter
29,hen,hen
30,insects,insects
31,keyboard_typing,keyboard_typing
32,laughing,laughing
33,mouse_click,mouse_click
34,pig,pig
35,pouring_water,pouring_water
36,rain,rain
37,rooster,rooster
38,sea_waves,sea_waves
39,sheep,sheep
40,siren,siren
41,sneezing,sneezing
42,snoring,snoring
43,thunderstorm,thunderstorm
44,toilet_flush,toilet_flush
45,train,train
46,vacuum_cleaner,vacuum_cleaner
47,washing_machine,washing_machine
48,water_drops,water_drops
49,wind,wind
